{
  "config": {
    "latent_dim": 16,
    "hidden_dim": 128,
    "n_layers": 2,
    "n_heads": 4,
    "dropout": 0.1,
    "max_radius": 0.95,
    "curvature": 1.0,
    "epochs": 50,
    "batch_size": 32,
    "learning_rate": 0.001,
    "weight_decay": 0.0001,
    "grad_clip": 1.0,
    "reconstruction_weight": 1.0,
    "mic_weight": 2.0,
    "property_weight": 1.0,
    "radial_weight": 0.5,
    "cohesion_weight": 0.3,
    "separation_weight": 0.3,
    "use_curriculum": false,
    "n_folds": 5,
    "fold_idx": 0,
    "val_every": 1,
    "early_stop_patience": 10,
    "checkpoint_dir": "checkpoints",
    "log_dir": "logs",
    "seed": 42
  },
  "fold_metrics": [
    {
      "val_recon_loss": 0.0005609519430436194,
      "val_recon_recon_ce": 0.0005609519430436194,
      "val_recon_recon_accuracy": 1.0,
      "val_mic_loss": 0.0651016179472208,
      "val_mic_mic_loss": 0.0651016179472208,
      "val_mic_mic_mae": 0.2494647204875946,
      "val_property_loss": 0.12331989407539368,
      "val_property_property_loss": 0.12331989407539368,
      "val_property_property_corr": 0.8766801059246063,
      "val_radial_loss": 0.0065513207809999585,
      "val_radial_radial_loss": 0.0065513207809999585,
      "val_radial_radius_mean": 0.4621424376964569,
      "val_radial_radius_std": 0.028157400898635387,
      "val_radial_target_radius_mean": 0.4371246099472046,
      "val_cohesion_loss": 0.2115420252084732,
      "val_cohesion_cohesion_loss": 0.2115420252084732,
      "val_cohesion_n_intra_pairs": 150.0,
      "val_separation_loss": 0.37951791286468506,
      "val_separation_separation_loss": 0.37951791286468506,
      "val_separation_avg_inter_dist": 0.12048209769030413,
      "val_separation_n_pathogens": 4.0,
      "val_curriculum_reconstruction": 1.0,
      "val_curriculum_mic": 1.0,
      "val_curriculum_property": 1.0,
      "val_curriculum_radial": 1.0,
      "val_curriculum_cohesion": 1.0,
      "val_curriculum_separation": 1.0,
      "val_total_loss": 0.43467773497104645,
      "val_loss": 0.43467773497104645,
      "val_pearson_r": 