{
  "amino_acid_dynamics": {
    "A": {
      "mass": 89.09,
      "radius": 0.10737395286560059,
      "dim13": 0.03324808552861214,
      "k_experimental": 0.65,
      "k_predicted": 0.09565944969654083,
      "omega": 0.03276796266436577,
      "tau": 30.51761245727539,
      "diffusion_coef": 0.10594623321618032,
      "mode_amplitude": 0.03320953994989395,
      "mode_phase": 1.479458212852478
    },
    "R": {
      "mass": 174.2,
      "radius": 0.279922217130661,
      "dim13": -0.009990572929382324,
      "k_experimental": 1.15,
      "k_predicted": 0.48762452602386475,
      "omega": 0.05290767550468445,
      "tau": 18.900848388671875,
      "diffusion_coef": 0.07576627302822694,
      "mode_amplitude": 0.19547002017498016,
      "mode_phase": 0.9309396743774414
    },
    "N": {
      "mass": 132.12,
      "radius": 0.6177793145179749,
      "dim13": -0.34127718210220337,
      "k_experimental": 0.9,
      "k_predicted": 0.8162100315093994,
      "omega": 0.07859893888235092,
      "tau": 12.722818374633789,
      "diffusion_coef": 0.08699929182864675,
      "mode_amplitude": 0.5581286549568176,
      "mode_phase": 0.3657020926475525
    },
    "D": {
      "mass": 133.1,
      "radius": 0.449694961309433,
      "dim13": -0.09698668122291565,
      "k_experimental": 0.92,
      "k_predicted": 0.5985440015792847,
      "omega": 0.06705929338932037,
      "tau": 14.912176132202148,
      "diffusion_coef": 0.08667841720414475,
      "mode_amplitude": 0.3479093313217163,
      "mode_phase": 0.5921375155448914
    },
    "C": {
      "mass": 121.16,
      "radius": 0.4487987756729126,
      "dim13": -0.1406499147415161,
      "k_experimental": 0.85,
      "k_predicted": 0.543764591217041,
      "omega": 0.06699244678020477,
      "tau": 14.927056312561035,
      "diffusion_coef": 0.09084904526785746,
      "mode_amplitude": 0.3309459686279297,
      "mode_phase": 0.842435896396637
    },
    "E": {
      "mass": 147.13,
      "radius": 0.5124471187591553,
      "dim13": -0.24906572699546814,
      "k_experimental": 1.0,
      "k_predicted": 0.7539634704589844,
      "omega": 0.07158540934324265,
      "tau": 13.969326972961426,
      "diffusion_coef": 0.08244216392217146,
      "mode_amplitude": 0.4449633061885834,
      "mode_phase": 0.8485107421875
    },
    "Q": {
      "mass": 146.15,
      "radius": 0.7072798609733582,
      "dim13": -0.39915141463279724,
      "k_experimental": 0.95,
      "k_predicted": 1.0336894989013672,
      "omega": 0.08409993350505829,
      "tau": 11.890615463256836,
      "diffusion_coef": 0.08271810759016421,
      "mode_amplitude": 0.7190951704978943,
      "mode_phase": 0.30968162417411804
    },
    "G": {
      "mass": 75.07,
      "radius": 0.10737395286560059,
      "dim13": 0.03324808552861214,
      "k_experimental": 0.5,
      "k_predicted": 0.08060561865568161,
      "omega": 0.03276796266436577,
      "tau": 30.51761245727539,
      "diffusion_coef": 0.11541620550370438,
      "mode_amplitude": 0.030484676361083984,
      "mode_phase": 1.479458212852478
    },
    "H": {
      "mass": 155.16,
      "radius": 0.6219218969345093,
      "dim13": -0.24533534049987793,
      "k_experimental": 1.05,
      "k_predicted": 0.964974045753479,
      "omega": 0.0788620263338089,
      "tau": 12.680374145507812,
      "diffusion_coef": 0.08028050847651468,
      "mode_amplitude": 0.6109331250190735,
      "mode_phase": 0.6553077101707458
    },
    "I": {
      "mass": 131.17,
      "radius": 0.3638335168361664,
      "dim13": -0.09344502538442612,
      "k_experimental": 0.88,
      "k_predicted": 0.4772404134273529,
      "omega": 0.060318611562252045,
      "tau": 16.578630447387695,
      "diffusion_coef": 0.08731377006135259,
      "mode_amplitude": 0.25134560465812683,
      "mode_phase": 1.1096575260162354
    },
    "L": {
      "mass": 131.17,
      "radius": 0.2790137529373169,
      "dim13": -0.03673214092850685,
      "k_experimental": 0.88,
      "k_predicted": 0.365982323884964,
      "omega": 0.052821751683950424,
      "tau": 18.931594848632812,
      "diffusion_coef": 0.08731377006135259,
      "mode_amplitude": 0.1687934845685959,
      "mode_phase": 0.9183615446090698
    },
    "K": {
      "mass": 146.19,
      "radius": 0.6177793145179749,
      "dim13": -0.34127718210220337,
      "k_experimental": 0.98,
      "k_predicted": 0.9031315445899963,
      "omega": 0.07859893888235092,
      "tau": 12.722818374633789,
      "diffusion_coef": 0.08270679029532535,
      "mode_amplitude": 0.5870956778526306,
      "mode_phase": 0.3657020926475525
    },
    "M": {
      "mass": 149.21,
      "radius": 0.36462631821632385,
      "dim13": -0.05031627416610718,
      "k_experimental": 1.02,
      "k_predicted": 0.5440589785575867,
      "omega": 0.060384295880794525,
      "tau": 16.560596466064453,
      "diffusion_coef": 0.08186552189632018,
      "mode_amplitude": 0.2689496576786041,
      "mode_phase": 0.894258439540863
    },
    "F": {
      "mass": 165.19,
      "radius": 0.5351698994636536,
      "dim13": -0.28746071457862854,
      "k_experimental": 1.1,
      "k_predicted": 0.8840471506118774,
      "omega": 0.07315530627965927,
      "tau": 13.669548034667969,
      "diffusion_coef": 0.07780511042304591,
      "mode_amplitude": 0.5031870007514954,
      "mode_phase": 0.8262495398521423
    },
    "P": {
      "mass": 115.13,
      "radius": 0.279922217130661,
      "dim13": -0.009990572929382324,
      "k_experimental": 0.75,
      "k_predicted": 0.32227444648742676,
      "omega": 0.05290767550468445,
      "tau": 18.900848388671875,
      "diffusion_coef": 0.09319781867466255,
      "mode_amplitude": 0.1589096635580063,
      "mode_phase": 0.9309396743774414
    },
    "S": {
      "mass": 105.09,
      "radius": 0.27969539165496826,
      "dim13": 0.0027339523658156395,
      "k_experimental": 0.7,
      "k_predicted": 0.29393187165260315,
      "omega": 0.0528862327337265,
      "tau": 18.908512115478516,
      "diffusion_coef": 0.09754820987386485,
      "mode_amplitude": 0.1516382098197937,
      "mode_phase": 0.8912404775619507
    },
    "T": {
      "mass": 119.12,
      "radius": 0.2790393829345703,
      "dim13": -0.0017554735532030463,
      "k_experimental": 0.82,
      "k_predicted": 0.33239173889160156,
      "omega": 0.05282418057322502,
      "tau": 18.93072509765625,
      "diffusion_coef": 0.0916236645375571,
      "mode_amplitude": 0.16087576746940613,
      "mode_phase": 1.042979121208191
    },
    "W": {
      "mass": 204.23,
      "radius": 0.8003926277160645,
      "dim13": -0.39285778999328613,
      "k_experimental": 1.25,
      "k_predicted": 1.6346418857574463,
      "omega": 0.08946466445922852,
      "tau": 11.177597045898438,
      "diffusion_coef": 0.06997456886548632,
      "mode_amplitude": 1.0233269929885864,
      "mode_phase": -0.5054737329483032
    },
    "Y": {
      "mass": 181.19,
      "radius": 0.7072798609733582,
      "dim13": -0.39915141463279724,
      "k_experimental": 1.18,
      "k_predicted": 1.2815203666687012,
      "omega": 0.08409993350505829,
      "tau": 11.890615463256836,
      "diffusion_coef": 0.07429043263608878,
      "mode_amplitude": 0.800670862197876,
      "mode_phase": 0.30968162417411804
    },
    "V": {
      "mass": 117.15,
      "radius": 0.3635784685611725,
      "dim13": -0.11793605983257294,
      "k_experimental": 0.8,
      "k_predicted": 0.4259321987628937,
      "omega": 0.06029747053980827,
      "tau": 16.584444046020508,
      "diffusion_coef": 0.09239082678541763,
      "mode_amplitude": 0.23728395998477936,
      "mode_phase": 0.8881969451904297
    }
  },
  "evaluation": {
    "k_spearman": 0.8604739232057362,
    "k_pearson": 0.8339906643303336,
    "b_factor_omega_correlation": -0.33810279306569435
  },
  "key_findings": {
    "k_prediction_formula": "k = radius \u00d7 mass / 100",
    "k_correlation": 0.8604739232057362,
    "frequency_formula": "\u03c9 = \u221a(k/m)",