{
  "metadata": {
    "n_total": 219,
    "n_ec1_relevant": 32,
    "ec1_relevant_aas": [
      "H",
      "C",
      "D",
      "E",
      "M",
      "Y"
    ]
  },
  "ec1_anomaly": {
    "ec1_relevant_aas": [
      "H",
      "C",
      "D",
      "E",
      "M",
      "Y"
    ],
    "hypothesis": "Metal-binding AAs may have lower hydro_diff threshold",
    "analysis": {
      "ec1_involved": {
        "n": 32,
        "simple_predictor": {
          "mean": 0.22657865116632098,
          "std": 0.20769000428609746,
          "ci_95": [
            -0.19679209804185882,
            0.5911524078622457
          ],
          "p_value_vs_zero": 0.141
        },
        "hybrid_predictor": {
          "mean": 0.2910170544273616,
          "std": 0.19850598865400282,
          "ci_95": [
            -0.13057879557245353,
            0.6204786458716198
          ],
          "p_value_vs_zero": 0.087
        },
        "hybrid_advantage": 0.06443840326104061
      },
      "non_ec1": {
        "n": 187,
        "simple_predictor": {
          "mean": 0.25035992995017986,
          "std": 0.08335017981746391,
          "ci_95": [
            0.0900174657228281,
            0.4099121084587954
          ],
          "p_value_vs_zero": 0.002
        },
        "hybrid_predictor": {
          "mean": 0.8406489892804249,
          "std": 0.03791993570125275,
          "ci_95": [
            0.7564848343082626,
            0.9066134618634137
          ],
          "p_value_vs_zero": 0.0
        },
        "hybrid_advantage": 0.590289059330245
      },
      "comparison": {
        "ec1_hybrid_advantage": 0.06443840326104061,
        "non_ec1_hybrid_advantage": 0.590289059330245,
        "difference": -0.5258506560692044,
        "ec1_needs_hybrid_more": false,
        "interpretation": "EC1-relevant mutations benefit LESS from hybrid approach"
      },
      "zone_distribution": {
        "ec1_involved": {
          "uncertain": 11,
          "soft_hybrid": 9,
          "soft_simple": 8,
          "hard_hybrid": 4
        },
        "non_ec1": {
          "uncertain": 153,
          "soft_hybrid": 22,
          "soft_simple": 11,
          "hard_hybrid": 1
        }
      },
      "hydrophobicity_importance": {
        "ec1_hydro_ddg_correlation": 0.34325898742814287,
        "non_ec1_hydro_ddg_correlation": 0.24351561860739454,
        "interpretation": "Hydrophobicity equally/more important for EC1-relevant pairs"
      }
    }
  },
  "feature_importance": {
    "overall_feature_importance": {
      "hydro_diff": {
        "correlation": 0.2554878031391111,
        "p_value": 0.0001319040865673796
      },
      "volume_diff": {
        "correlation": 0.7891235941808236,
        "p_value": 8.005448757582512e-48
      },
      "charge_diff": {
        "correlation": -0.0444623676618047,
        "p_value": 0.5127631675657329
      },
      "ec_profile_distance": {
        "correlation": 0.04728787253360603,
        "p_value": 0.48631523914423846
      },
      "catalytic_propensity_change": {
        "correlation": 0.24289640251000527,
        "p_value": 0.0002851187961209997
      },
      "metal_binding_change": {
        "correlation": -0.2632829759767484,
        "p_value": 8.022060997757336e-05
      }
    },
    "ec1_involved_feature_importance": {
      "hydro_diff": {
        "correlation": 0.34325898742814287,
        "p_value": 0.05442859399169187
      },
      "volume_diff": {
        "correlation": 0.5612029357528353,
        "p_value": 0.0008329809244826281
      },
      "charge_diff": {
        "correlation": 0.05093224370438452,
        "p_value": 0.7819084011702309
      },
      "ec_profile_distance": {
        "correlation": 0.08391353707443551,
        "p_value": 0.647953111505785
      },
      "catalytic_propensity_change": {
        "correlation": 0.15822255196608492,
        "p_value": 0.38709445085755256
      },
      "metal_binding_change": {
        "correlation": 0.2886615808378287,
        "p_value": 0.10909603900264342
      }
    },
    "non_ec1_feature_importance": {
      "hydro_diff": {
        "correlation": 0.24351561860739454,
        "p_value": 0.0007839559108087606
      },
      "volume_diff": {
        "correlation": 0.797548066292854,
        "p_value": 1.808912086963637e-42
      },
      "charge_diff": {
        "correlation": -0.03965573129173184,
        "p_value": 0.5899835205532736
      },
      "ec_profile_distance": {
        "correlation": 0.1346974400137672,
        "p_value": 0.06606323718765322
      },
      "catalytic_propensity_change": {
        "correlation": 0.25770936227869845,
        "p_value": 0.0003696842601753444
      },
      "metal_binding_change": {
        "correlation": -0.19347675362605118,
        "p_value": 0.007974881508281129
      }
    }
  },
  "ec_rules": {
    "rules": [
      {
        "name": "EC1 + High Hydro",
        "conditions": [
          "ec1_involved = True",
          "hydro_diff > 3.0"
        ],
        "prediction": "simple",
        "confidence": 0.8461538461538461,
        "n_samples": 13,
        "hybrid_win_rate": 0.15384615384615385
      },
      {
        "name": "Non-EC1 + High Hydro",
        "conditions": [
          "ec1_involved = False",
          "hydro_diff > 5.0"
        ],
        "prediction": "simple",
        "confidence": 0.6,
        "n_samples": 10,
        "hybrid_win_rate": 0.4
      },
      {
        "name": "EC1 + Low Hydro",
        "conditions": [
          "ec1_involved = True",
          "hydro_diff <= 3.0"
        ],
        "prediction": "simple",
        "confidence": 0.9473684210526316,
        "n_samples": 19,
        "hybrid_win_rate": 0.05263157894736842
      }
    ],
    "summary": {
      "total_rules": 3,
      "ec1_threshold": 3.0,
      "non_ec1_threshold": 5.0,
      "recommendation": "For EC1-relevant substitutions (involving H,C,D,E,M,Y), use hybrid approach when hydro_diff > 3.0. For non-EC1 substitutions, use standard threshold (5.0)."
    }
  },
  "sample_ec_pair_features": [
    {
      "ec_profile_distance": 0.1284523257866513,
      "dominant_ec_change": true,
      "dominant_ec_1": "ec3_hydrolase",
      "dominant_ec_2": "ec1_oxidoreductase",
      "catalytic_propensity_change": 0.16999999999999998,
      "ec1_involvement": true,
      "both_ec1_relevant": false,
      "metal_binding_change": 0.33999999999999997,
      "ec1_propensity_1": 0.11,
      "ec1_propensity_2": 0.08,
      "pair": "H-A"
    },
    {
      "ec_profile_distance": 0.06782329983125268,
      "dominant_ec_change": false,
      "dominant_ec_1": "ec1_oxidoreductase",
      "dominant_ec_2": "ec1_oxidoreductase",
      "catalytic_propensity_change": 0.09999999999999999,
      "ec1_involvement": true,
      "both_ec1_relevant": false,
      "metal_binding_change": 0.33999999999999997,
      "ec1_propensity_1": 0.12,
      "ec1_propensity_2": 0.08,
      "pair": "C-A"
    },
    {
      "ec_profile_distance": 0.11489125293076057,
      "dominant_ec_change": true,
      "dominant_ec_1": "ec3_hydrolase",
      "dominant_ec_2": "ec1_oxidoreductase",
      "catalytic_propensity_change": 0.13,
      "ec1_involvement": true,
      "both_ec1_relevant": false,
      "metal_binding_change": 0.24,
      "ec1_propensity_1": 0.09,
      "ec1_propensity_2": 0.08,
      "pair": "D-A"
    },
    {
      "ec_profile_distance": 0.1319090595827292,
      "dominant_ec_change": true,
      "dominant_ec_1": "ec4_lyase",
      "dominant_ec_2": "ec1_oxidoreductase",
      "catalytic_propensity_change": 0.15000000000000002,
      "ec1_involvement": true,
      "both_ec1_relevant": false,
      "metal_binding_change": 0.21,
      "ec1_propensity_1": 0.1,
      "ec1_propensity_2": 0.08,
      "pair": "E-A"
    },
    {
      "ec_profile_distance": 0.03464101615137755,
      "dominant_ec_change": false,
      "dominant_ec_1": "ec1_oxidoreductase",
      "dominant_ec_2": "ec1_oxidoreductase",
      "catalytic_propensity_change": 0.030000000000000002,