{
  "metadata": {
    "n_mutations": 219,
    "n_linked": 219,
    "zone_coverage": {
      "uncertain": 164,
      "soft_hybrid": 31,
      "soft_simple": 19,
      "hard_hybrid": 5
    }
  },
  "experiment_1_zone_ddg_correlation": {
    "by_zone": {
      "hard_hybrid": {
        "n": 5,
        "mean_ddg": 1.1800000000000002,
        "std_ddg": 0.8182909018191512,
        "median_ddg": 0.9,
        "min_ddg": 0.6,
        "max_ddg": 2.8
      },
      "soft_hybrid": {
        "n": 31,
        "mean_ddg": 0.7741935483870968,
        "std_ddg": 1.476693722352674,
        "median_ddg": 0.5,
        "min_ddg": -1.2,
        "max_ddg": 3.5
      },
      "uncertain": {
        "n": 164,
        "mean_ddg": 1.7731707317073169,
        "std_ddg": 1.0444450948788728,
        "median_ddg": 1.8,
        "min_ddg": -0.9,
        "max_ddg": 5.2
      },
      "soft_simple": {
        "n": 19,
        "mean_ddg": 2.578947368421052,
        "std_ddg": 1.4813148310905633,
        "median_ddg": 2.3,
        "min_ddg": 0.2,
        "max_ddg": 5.5
      }
    },
    "statistical_tests": {
      "hybrid_vs_simple_mann_whitney": {
        "statistic": 148.0,
        "p_value": 0.0006106722234631776,
        "significant": true
      },
      "variance_levene": {
        "statistic": 0.06519551715575579,
        "p_value": 0.7994533358666892,
        "hybrid_var": 1.9904552469135801,
        "simple_var": 2.194293628808864,
        "significant": false
      }
    },
    "effect_sizes": {
      "hybrid_vs_simple_cohens_d": {
        "value": -1.1955557425936199,
        "interpretation": "large"
      }
    }
  },
  "experiment_2_prediction_accuracy": {
    "by_zone": {
      "soft_hybrid": {
        "n": 31,
        "simple_predictor": {
          "mean": 0.722591049382163,
          "std": 0.08390684937960148,
          "ci_95": [
            0.5092488306939913,
            0.8552341237493933
          ],
          "p_value_vs_zero": 0.0
        },
        "hybrid_predictor": {
          "mean": 0.7190895839826226,
          "std": 0.09037835810647288,
          "ci_95": [
            0.5023857552658173,
            0.8698792505767685
          ],
          "p_value_vs_zero": 0.0
        },
        "hybrid_advantage": -0.0035014653995404377
      },
      "uncertain": {
        "n": 164,
        "simple_predictor": {
          "mean": 0.4234308488638129,
          "std": 0.0898777754665272,
          "ci_95": [
            0.2418057091287932,
            0.5959019673481508
          ],
          "p_value_vs_zero": 0.0
        },
        "hybrid_predictor": {
          "mean": 0.8265200917758573,
          "std": 0.04656174728068937,
          "ci_95": [
            0.7335087495116838,
            0.9089484721758192
          ],
          "p_value_vs_zero": 0.0
        },
        "hybrid_advantage": 0.4030892429120444
      },
      "soft_simple": {
        "n": 19,
        "simple_predictor": {
          "mean": 0.005828270493031146,
          "std": 0.31842229255564186,
          "ci_95": [
            -0.5804518754364131,
            0.7077692363374769
          ],
          "p_value_vs_zero": 0.516
        },
        "hybrid_predictor": {
          "mean": 0.18570226177743354,
          "std": 0.29056242242440844,
          "ci_95": [
            -0.3379697266427273,
            0.7489048366276828
          ],
          "p_value_vs_zero": 0.302
        },
        "hybrid_advantage": 0.1798739912844024
      }
    },
    "overall": {
      "simple_predictor": {
        "mean": 0.24899479747743464,
        "std": 0.0730410068440356,
        "ci_95": [
          0.10296439279675439,
          0.3870442358624126
        ],
        "p_value_vs_zero": 0.002
      },
      "hybrid_predictor": {
        "mean": 0.688785613599245,
        "std": 0.05078477196960755,
        "ci_95": [
          0.5843200947470103,
          0.7879852152379756
        ],
        "p_value_vs_zero": 0.0
      },
      "n_total": 219
    }
  },
  "experiment_3_predictor_comparison": {
    "by_zone": {
      "soft_hybrid": {
        "n": 31,
        "simple": {
          "spearman": 0.7383830771224136,
          "mae": 1.1572361290322577,
          "bootstrap_ci": [
            0.5302338294873531,
            0.8677977533348646
          ]
        },
        "hybrid": {
          "spearman": 0.7383830771224136,
          "mae": 1.37992,
          "bootstrap_ci": [
            0.5216103606388747,
            0.856040668676051
          ]
        },
        "comparison": {
          "hybrid_advantage_r": 0.0,
          "hybrid_advantage_mae": -0.22268387096774234,
          "t_test_p_value": 0.34671127577286986,
          "ci_overlap": true,
          "significant": false
        }
      },
      "uncertain": {
        "n": 164,
        "simple": {
          "spearman": 0.4289525889078334,
          "mae": 1.2488990243902438,
          "bootstrap_ci": [
            0.25580214924798206,
            0.5887501561051194
          ]
        },
        "hybrid": {
          "spearman": 0.827254735157588,
          "mae": 1.0929146341463414,
          "bootstrap_ci": [
            0.7245064937071904,
            0.9061128560936661
          ]
        },
        "comparison": {
          "hybrid_advantage_r": 0.3983021462497546,
          "hybrid_advantage_mae": 0.15598439024390243,
          "t_test_p_value": 0.04965328859422644,
          "ci_overlap": false,
          "significant": true
        }
      },
      "soft_simple": {
        "n": 19,
        "simple": {
          "spearman": -0.015276716931491198,
          "mae": 2.7447536842105262,
          "bootstrap_ci": [
            -0.5834879698449718,
            0.5573947421416284
          ]
        },
        "hybrid": {
          "spearman": 0.193042150316116,
          "mae": 2.128964210526316,
          "bootstrap_ci": [
            -0.3472038873631418,
            0.7553121085755494
          ]
        },
        "comparison": {
          "hybrid_advantage_r": 0.20831886724760718,
          "hybrid_advantage_mae": 0.6157894736842104,
          "t_test_p_value": 0.054371702006992956,
          "ci_overlap": true,
          "significant": false
        }
      }
    },
    "hypothesis_support": {
      "claim": "Hybrid approach works better in hybrid zones, simple in simple zones",
      "hybrid_zones_tested": 1,
      "hybrid_wins_in_hybrid_zones": 0,
      "simple_zones_tested": 1,
      "simple_wins_in_simple_zones": 0,
      "total_testable_zones": 3
    }
  }
}