{
  "config": {
    "latent_dim": 16,
    "hidden_dim": 64,
    "n_layers": 2,
    "n_heads": 4,
    "dropout": 0.15,
    "max_radius": 0.95,
    "curvature": 1.0,
    "epochs": 100,
    "batch_size": 32,
    "learning_rate": 0.0005,
    "weight_decay": 0.0001,
    "grad_clip": 1.0,
    "reconstruction_weight": 0.5,
    "mic_weight": 5.0,
    "property_weight": 0.5,
    "radial_weight": 0.3,
    "cohesion_weight": 0.2,
    "separation_weight": 0.2,
    "use_curriculum": false,
    "n_folds": 5,
    "fold_idx": 0,
    "val_every": 1,
    "early_stop_patience": 20,
    "min_epochs": 30,
    "warmup_epochs": 5,
    "min_pred_std": 0.05,
    "checkpoint_dir": "../../../checkpoints/peptide_vae_v1",
    "log_dir": "../../../logs/peptide_vae_v1",
    "seed": 42
  },
  "fold_metrics": [
    {
      "val_recon_loss": 0.005988777615129948,
      "val_recon_recon_ce": 0.005988777615129948,
      "val_recon_recon_accuracy": 1.0,
      "val_mic_loss": 0.06594984978437424,
      "val_mic_mic_loss": 0.06594984978437424,
      "val_mic_mic_mae": 0.30232174197832745,
      "val_property_loss": 0.11445566018422444,
      "val_property_property_loss": 0.11445566018422444,
      "val_property_property_corr": 0.8855443398157755,
      "val_radial_loss": 0.016126572464903195,
      "val_radial_radial_loss": 0.016126572464903195,
      "val_radial_radius_mean": 0.4945596754550934,
      "val_radial_radius_std": 0.056063722198208175,
      "val_radial_target_radius_mean": 0.48647932211558026,
      "val_cohesion_loss": 0.33420021335283917,
      "val_cohesion_cohesion_loss": 0.33420021335283917,
      "val_cohesion_n_intra_pairs": 94.33333333333333,
      "val_separation_loss": 0.35603607694307965,
      "val_separation_separation_loss": 0.35603607694307965,
      "val_separation_avg_inter_dist": 0.14396392554044724,
      "val_separation_n_pathogens": 3.6666666666666665,
      "val_curriculum_reconstruction": 1.0,
      "val_curriculum_mic": 1.0,
      "val_curriculum_property": 1.0,
      "val_curriculum_radial": 1.0,
      "val_curriculum_cohesion": 1.0,
      "val_curriculum_separation": 1.0,
      "val_total_loss": 0.532856692870458,
      "val_loss": 0.532856692870458,
      "val_pred_std": 0.362104594707489,
      "val_pred_mean": 0.7085456252098083,
      "val_target_std": 0.49178314208984375,
      "val_pearson_r": 0.7095320224761963,
      "val_pearson_p": 2.1147194238790856e-12,
      "val_spearman_r": 0.6955031492249928,
      "val_spearman_p": 8.58289241064734e-12
    },
    {
      "val_recon_loss": 0.011253301675120989,
      "val_recon_recon_ce": 0.011253301675120989,
      "val_recon_recon_accuracy": 1.0,
      "val_mic_loss": 0.1235407864054044,
      "val_mic_mic_loss": 0.1235407864054044,
      "val_mic_mic_mae": 0.38827521602312726,
      "val_property_loss": 0.222917377948761,
      "val_property_property_loss": 0.222917377948761,
      "val_property_property_corr": 0.777082622051239,
      "val_radial_loss": 0.02510772303988536,
      "val_radial_radial_loss": 0.02510772303988536,
      "val_radial_radius_mean": 0.568820575873057,
      "val_radial_radius_std": 0.08160032331943512,
      "val_radial_target_radius_mean": 0.4868454337120056,
      "val_cohesion_loss": 0.35398489236831665,
      "val_cohesion_cohesion_loss": 0.35398489236831665,
      "val_cohesion_n_intra_pairs": 112.66666666666667,
      "val_separation_loss": 0.26724499464035034,
      "val_separation_separation_loss": 0.26724499464035034,
      "val_separation_avg_inter_dist": 0.24243169981572363,
      "val_separation_n_pathogens": 3.6666666666666665,
      "val_curriculum_reconstruction": 1.0,
      "val_curriculum_mic": 1.0,
      "val_curriculum_property": 1.0,
      "val_curriculum_radial": 1.0,
      "val_curriculum_cohesion": 1.0,
      "val_curriculum_separation": 1.0,
      "val_total_loss": 0.866567591826121,
      "val_loss": 0.866567591826121,
      "val_pred_std": 0.24138328433036804,
      "val_pred_mean": 0.5849349498748779,
      "val_target_std": 0.48434537649154663,
      "val_pearson_r": 0.34723806381225586,
      "val_pearson_p": 0.0026137770619243383,
      "val_spearman_r": 0.48087248808563715,
      "val_spearman_p": 1.6611120814661647e-05
    },
    {
      "val_recon_loss": 0.008512897416949272,
      "val_recon_recon_ce": 0.008512897416949272,
      "val_recon_recon_accuracy": 1.0,
      "val_mic_loss": 0.054187797009944916,
      "val_mic_mic_loss": 0.054187797009944916,
      "val_mic_mic_mae": 0.2507916986942291,
      "val_property_loss": 0.28043343623479206,
      "val_property_property_loss": 0.28043343623479206,
      "val_property_property_corr": 0.7195665637652079,
      "val_radial_loss": 0.023726631421595812,
      "val_radial_radial_loss": 0.023726631421595812,
      "val_radial_radius_mean": 0.5376641949017843,
      "val_radial_radius_std": 0.11935650805632274,
      "val_radial_target_radius_mean": 0.488008310397466,
      "val_cohesion_loss": 0.4293877085049947,
      "val_cohesion_cohesion_loss": 0.4293877085049947,
      "val_cohesion_n_intra_pairs": 98.66666666666667,
      "val_separation_loss": 0.18921814113855362,
      "val_separation_separation_loss": 0.18921814113855362,
      "val_separation_avg_inter_dist": 0.3239658797780673,
      "val_separation_n_pathogens": 4.0,
      "val_curriculum_reconstruction": 1.0,
      "val_curriculum_mic": 1.0,
      "val_curriculum_property": 1.0,
      "val_curriculum_radial": 1.0,
      "val_curriculum_cohesion": 1.0,
      "val_curriculum_separation": 1.0,
      "val_total_loss": 0.5462513168652853,
      "val_loss": 0.5462513168652853,
      "val_pred_std": 0.37166810035705566,
      "val_pred_mean": 0.7899196743965149,
      "val_target_std": 0.49617999792099,
      "val_pearson_r": 0.7491858601570129,
      "val_pearson_p": 2.4736208090528344e-14,
      "val_spearman_r": 0.7598933371916768,
      "val_spearman_p": 6.440081129864563e-15
    },
    {
      "val_recon_loss": 0.007766065653413534,
      "val_recon_recon_ce": 0.007766065653413534,
      "val_recon_recon_accuracy": 1.0,
      "val_mic_loss": 0.10798543319106102,
      "val_mic_mic_loss": 0.10798543319106102,
      "val_mic_mic_mae": 0.32735035320123035,
      "val_property_loss": 0.20374280214309692,
      "val_property_property_loss": 0.20374280214309692,
      "val_property_property_corr": 0.7962571978569031,
      "val_radial_loss": 0.026972651947289705,
      "val_radial_radial_loss": 0.026972651947289705,
      "val_radial_radius_mean": 0.5856336951255798,
      "val_radial_radius_std": 0.13727429509162903,
      "val_radial_target_radius_mean": 0.5133489370346069,
      "val_cohesion_loss": 0.4114031493663788,
      "val_cohesion_cohesion_loss": 0.4114031493663788,
      "val_cohesion_n_intra_pairs": 88.66666666666667,
      "val_separation_loss": 0.315133402744929,
      "val_separation_separation_loss": 0.315133402744929,
      "val_separation_avg_inter_dist": 0.18486659435762298,
      "val_separation_n_pathogens": 3.6666666666666665,
      "val_curriculum_reconstruction": 1.0,
      "val_curriculum_mic": 1.0,
      "val_curriculum_property": 1.0,
      "val_curriculum_radial": 1.0,
      "val_curriculum_cohesion": 1.0,
      "val_curriculum_separation": 1.0,
      "val_total_loss": 0.7990806897481283,
      "val_loss": 0.7990806897481283,
      "val_pred_std": 0.3194693326950073,
      "val_pred_mean": 0.6777051687240601,
      "val_target_std": 0.4806883931159973,
      "val_pearson_r": 0.6677000522613525,
      "val_pearson_p": 1.10306166978269e-10,
      "val_spearman_r": 0.6228998319811448,
      "val_spearman_p": 3.990219784534186e-09
    },
    {
      "val_recon_loss": 0.004684192128479481,
      "val_recon_recon_ce": 0.004684192128479481,
      "val_recon_recon_accuracy": 1.0,
      "val_mic_loss": 0.09051817407210667,
      "val_mic_mic_loss": 0.09051817407210667,
      "val_mic_mic_mae": 0.343596746524175,
      "val_property_loss": 0.20150631666183472,
      "val_property_property_loss": 0.20150631666183472,