{
  "frozen": {
    "coverage": 0.998780673677793,
    "radial_corr_A": -0.6011391642605141,
    "radial_corr_B": 0.8119761265124413,
    "hierarchy_separation": 1.0506176948547363,
    "radius_v0": 0.5785730481147766,
    "radius_v9": 0.5506969690322876,
    "radius_range_A": 0.48092639446258545,
    "mean_radius_A": 0.5495595932006836,
    "std_radius_A": 0.07156121730804443,
    "effective_dim_A": 16.0,
    "latent_std_mean_A": 0.8296611905097961,
    "padic_coverage_3_5": 1.0,
    "radius_by_valuation": {
      "0": {
        "mean_A": 0.5785730481147766,
        "std_A": 0.06178074702620506,
        "mean_B": 0.2660570740699768,
        "std_B": 0.07447108626365662,
        "count": 13122
      },
      "1": {
        "mean_A": 0.5044220089912415,
        "std_A": 0.04888426139950752,
        "mean_B": 0.4686141014099121,
        "std_B": 0.0321122407913208,
        "count": 4374
      },
      "2": {
        "mean_A": 0.4730668365955353,
        "std_A": 0.04353275150060654,
        "mean_B": 0.4800129532814026,
        "std_B": 0.03623541072010994,
        "count": 1458
      },
      "3": {
        "mean_A": 0.47037428617477417,
        "std_A": 0.04662659391760826,
        "mean_B": 0.5135349631309509,
        "std_B": 0.03877772018313408,
        "count": 486
      },
      "4": {
        "mean_A": 0.41445979475975037,
        "std_A": 0.03466343879699707,
        "mean_B": 0.49408355355262756,
        "std_B": 0.03187323361635208,
        "count": 162
      },
      "5": {
        "mean_A": 0.4104803204536438,
        "std_A": 0.04354873672127724,
        "mean_B": 0.5336836576461792,
        "std_B": 0.03262259438633919,
        "count": 54
      },
      "6": {
        "mean_A": 0.3888324797153473,
        "std_A": 0.02740982547402382,
        "mean_B": 0.5001935958862305,
        "std_B": 0.027808425948023796,
        "count": 18
      },
      "7": {
        "mean_A": 0.42439982295036316,
        "std_A": 0.031002052128314972,
        "mean_B": 0.5660060048103333,
        "std_B": 0.016766773536801338,
        "count": 6
      },
      "8": {
        "mean_A": 0.43290698528289795,
        "std_A": 0.010147824883460999,
        "mean_B": 0.5764894485473633,
        "std_B": 0.024515151977539062,
        "count": 2
      },
      "9": {
        "mean_A": 0.5506969690322876,
        "std_A": 0.0,
        "mean_B": 0.553039014339447,
        "std_B": 0.0,
        "count": 1
      }
    }
  },
  "unfrozen": {
    "coverage": 0.6038713610730072,
    "radial_corr_A": 0.5511819463853144,
    "radial_corr_B": 0.7419036094951289,
    "hierarchy_separation": 0.9621357917785645,
    "radius_v0": 0.44542428851127625,
    "radius_v9": 0.4629526436328888,
    "radius_range_A": 0.29267773032188416,
    "mean_radius_A": 0.4641324281692505,
    "std_radius_A": 0.04663189873099327,
    "effective_dim_A": 15.0,
    "latent_std_mean_A": 0.8459910154342651,
    "padic_coverage_3_5": 1.0,
    "radius_by_valuation": {
      "0": {
        "mean_A": 0.44542428851127625,
        "std_A": 0.044360846281051636,
        "mean_B": 0.3113223612308502,
        "std_B": 0.051717232912778854,
        "count": 13122
      },
      "1": {
        "mean_A": 0.509315550327301,
        "std_A": 0.021427731961011887,
        "mean_B": 0.3978739380836487,
        "std_B": 0.0359736829996109,
        "count": 4374
      },
      "2": {
        "mean_A": 0.4917272627353668,
        "std_A": 0.0108551736921072,
        "mean_B": 0.46676942706108093,
        "std_B": 0.013407548889517784,
        "count": 1458
      },
      "3": {
        "mean_A": 0.4779960513114929,
        "std_A": 0.009059454314410686,
        "mean_B": 0.4860043525695801,
        "std_B": 0.00614378834143281,
        "count": 486
      },
      "4": {
        "mean_A": 0.4727877974510193,
        "std_A": 0.008657501079142094,
        "mean_B": 0.49328312277793884,
        "std_B": 0.004201180301606655,
        "count": 162
      },
      "5": {
        "mean_A": 0.4580109417438507,
        "std_A": 0.007575191557407379,
        "mean_B": 0.49800431728363037,
        "std_B": 0.002877723192796111,
        "count": 54
      },
      "6": {
        "mean_A": 0.4555017650127411,
        "std_A": 0.007675545290112495,
        "mean_B": 0.4990053176879883,
        "std_B": 0.002749900333583355,
        "count": 18
      },
      "7": {
        "mean_A": 0.4585939943790436,
        "std_A": 0.012353302910923958,
        "mean_B": 0.4935511648654938,
        "std_B": 0.0015783883864060044,
        "count": 6
      },
      "8": {
        "mean_A": 0.4662531316280365,
        "std_A": 0.003880828619003296,
        "mean_B": 0.4947810769081116,
        "std_B": 8.478773452225141e-06,
        "count": 2
      },
      "9": {
        "mean_A": 0.4629526436328888,
        "std_A": 0.0,
        "mean_B": 0.4954454302787781,
        "std_B": 0.0,
        "count": 1
      }
    }
  },
  "frozen_checkpoint": "C:\\Users\\Gestalt\\Desktop\\ternary\\repos\\ternary-vaes\\checkpoints\\v5_11_progressive\\best.pt",
  "unfrozen_checkpoint": "C:\\Users\\Gestalt\\Desktop\\ternary\\repos\\ternary-vaes\\checkpoints\\progressive_tiny_lr\\best.pt"
}