{
  "correlations": {
    "n_total": 669,
    "n_valid": 669,
    "n_no_path": 0,
    "spearman_ddg": 0.04372797598332616,
    "p_spearman_ddg": 0.25870771820912514,
    "pearson_ddg": 0.05023755890372349,
    "p_pearson_ddg": 0.1943609599305902,
    "spearman_abs_ddg": 0.03730694945923013,
    "p_spearman_abs": 0.33530848436887895,
    "pearson_abs_ddg": 0.06225030531207167,
    "p_pearson_abs": 0.1076916564865083,
    "median_path_cost": 6.419617821165107,
    "low_cost_mean_abs_ddg": 1.2463510324483775,
    "high_cost_mean_abs_ddg": 1.6160545454545454,
    "ddg_difference": 0.3697035130061679
  },
  "by_mutation_type": {
    "stabilizing": {
      "n": 389,
      "mean_cost": 6.712509516551253,
      "std_cost": 3.525755243235961,
      "path_rate": 1.0
    },
    "neutral": {
      "n": 195,
      "mean_cost": 7.359330672214061,
      "std_cost": 4.176719828202759,
      "path_rate": 1.0
    },
    "destabilizing": {
      "n": 85,
      "mean_cost": 8.36710928475613,
      "std_cost": 4.471769184057266,
      "path_rate": 1.0
    }
  },
  "n_mutations": 669,
  "n_results": 669
}