{
  "A_baumannii": {
    "mean": 0.32093702682977193,
    "std": 0.3070439901315054,
    "min": -0.26697370377080776,
    "max": 0.9702368177102517
  },
  "S_aureus": {
    "mean": 0.8553876198309515,
    "std": 0.21204250128645347,
    "min": 0.147501364776439,
    "max": 1.4936431367516037
  },
  "P_aeruginosa": {
    "mean": 0.5567629582926872,
    "std": 0.24203570452966364,
    "min": 0.017312960620258576,
    "max": 1.3671589956909713
  },
  "Enterobacteriaceae": {
    "mean": 0.5035860926677154,
    "std": 0.22616520336248536,
    "min": 0.0053352842697685305,
    "max": 1.1762605611647041
  },
  "H_pylori": {
    "mean": 0.5549697814400757,
    "std": 0.2214722196750309,
    "min": 0.09264842985168895,
    "max": 1.508347406325276
  }
}