{
  "config": {
    "latent_dim": 16,
    "hidden_dim": 64,
    "n_layers": 2,
    "n_heads": 4,
    "dropout": 0.15,
    "max_radius": 0.95,
    "curvature": 1.0,
    "epochs": 50,
    "batch_size": 32,
    "learning_rate": 0.0005,
    "weight_decay": 0.0001,
    "grad_clip": 1.0,
    "reconstruction_weight": 0.5,
    "mic_weight": 5.0,
    "property_weight": 0.5,
    "radial_weight": 0.3,
    "cohesion_weight": 0.2,
    "separation_weight": 0.2,
    "use_curriculum": true,
    "curriculum_ramp_epochs": 30,
    "n_folds": 5,
    "fold_idx": 0,
    "val_every": 1,
    "early_stop_patience": 15,
    "checkpoint_dir": "checkpoints_improved",
    "log_dir": "logs_improved",
    "seed": 42
  },
  "fold_metrics": [
    {
      "val_recon_loss": 0.006716511677950621,
      "val_recon_recon_ce": 0.006716511677950621,
      "val_recon_recon_accuracy": 1.0,
      "val_mic_loss": 0.08300925667087238,
      "val_mic_mic_loss": 0.08300925667087238,
      "val_mic_mic_mae": 0.32809461156527203,
      "val_property_loss": 0.21177049477895102,
      "val_property_property_loss": 0.21177049477895102,
      "val_property_property_corr": 0.788229505221049,
      "val_radial_loss": 0.1657660553852717,
      "val_radial_radial_loss": 0.1657660553852717,
      "val_radial_radius_mean": 0.8752505977948507,
      "val_radial_radius_std": 0.10988597696026166,
      "val_radial_target_radius_mean": 0.48647932211558026,
      "val_cohesion_loss": 0.9330960909525553,
      "val_cohesion_cohesion_loss": 0.9330960909525553,
      "val_cohesion_n_intra_pairs": 94.33333333333333,
      "val_separation_loss": 0.12921258310476938,
      "val_separation_separation_loss": 0.12921258310476938,
      "val_separation_avg_inter_dist": 0.42032796227269703,
      "val_separation_n_pathogens": 3.6666666666666665,
      "val_curriculum_reconstruction": 1.0,
      "val_curriculum_mic": 1.0,
      "val_curriculum_property": 1.0,
      "val_curriculum_radial": 0.3548387096774193,
      "val_curriculum_cohesion": 0.10000000000000002,
      "val_curriculum_separation": 0.10000000000000002,
      "val_total_loss": 0.563182016213735,
      "val_loss": 0.563182016213735,
      "val_pearson_r": 