{
  "timestamp": "2025-12-29T02:14:01.613265",
  "results": [
    {
      "name": "homeo_lr3e4",
      "best_hierarchy": 0.0,
      "best_epoch": 0,
      "init_metrics": {
        "coverage": 0.9989838947314942,
        "hierarchy": 0.8006066708840084,
        "richness": 0.0021613012067973614,
        "r_v0": 0.23347662389278412,
        "r_v9": 0.5704343318939209
      },
      "final_metrics": {
        "coverage": 0.9989838947314942,
        "hierarchy": 0.4527968871197586,
        "richness": 0.002002053428441286,
        "r_v0": 0.5129542350769043,
        "r_v9": 0.40849068760871887
      },
      "elapsed": 0.06618259350458781
    },
    {
      "name": "homeo_lr1e3",
      "best_hierarchy": -0.6813375350110188,
      "best_epoch": 0,
      "init_metrics": {
        "coverage": 0.9989838947314942,
        "hierarchy": -0.20149862261369236,
        "richness": 0.0014152092626318336,
        "r_v0": 0.501214325428009,
        "r_v9": 0.5008875131607056
      },
      "final_metrics": {
        "coverage": 0.9989838947314942,
        "hierarchy": -0.6214497127344955,
        "richness": 0.0058421846479177475,
        "r_v0": 0.8939462900161743,
        "r_v9": 0.24049414694309235
      },
      "elapsed": 0.07994186878204346
    },
    {
      "name": "homeo_lr5e4",
      "best_hierarchy": -0.6769504136846816,
      "best_epoch": 2,
      "init_metrics": {
        "coverage": 0.9989838947314942,
        "hierarchy": 0.46922016506762126,
        "richness": 0.0009626931278035045,
        "r_v0": 0.42989635467529297,
        "r_v9": 0.49213680624961853
      },
      "final_metrics": {
        "coverage": 0.9989838947314942,
        "hierarchy": -0.6296743684426094,
        "richness": 0.0054946476593613625,
        "r_v0": 0.8616703152656555,
        "r_v9": 0.3696447014808655
      },
      "elapsed": 0.10703526337941488
    },
    {
      "name": "rich_lr3e4",
      "best_hierarchy": -0.6690904283229531,
      "best_epoch": 0,
      "init_metrics": {
        "coverage": 1.0,
        "hierarchy": -0.6935428317564831,
        "richness": 0.009254791773855686,
        "r_v0": 0.8903325200080872,
        "r_v9": 0.12427809834480286
      },
      "final_metrics": {
        "coverage": 1.0,
        "hierarchy": -0.6405326257161791,
        "richness": 0.006978800054639578,
        "r_v0": 0.9300816655158997,
        "r_v9": 0.25666722655296326
      },
      "elapsed": 0.0786448319753011
    },
    {
      "name": "rich_lr1e4",
      "best_hierarchy": -0.6840444878425559,
      "best_epoch": 0,
      "init_metrics": {
        "coverage": 1.0,
        "hierarchy": -0.6909303801014146,
        "richness": 0.007588020525872707,
        "r_v0": 0.8905956745147705,
        "r_v9": 0.17595471441745758
      },
      "final_metrics": {
        "coverage": 1.0,
        "hierarchy": -0.6598647273086302,
        "richness": 0.007436215877532959,
        "r_v0": 0.919821560382843,
        "r_v9": 0.26891836524009705
      },
      "elapsed": 0.08406917254130046
    },
    {
      "name": "rich_lr5e5",
      "best_hierarchy": -0.6931566318814877,
      "best_epoch": 0,
      "init_metrics": {
        "coverage": 1.0,
        "hierarchy": -0.6916485148318928,
        "richness": 0.008325629867613316,
        "r_v0": 0.8903792500495911,
        "r_v9": 0.11395899206399918
      },
      "final_metrics": {
        "coverage": 1.0,
        "hierarchy": -0.6741981617784986,
        "richness": 0.0075438483618199825,
        "r_v0": 0.9145442843437195,
        "r_v9": 0.17340421676635742
      },
      "elapsed": 0.08027934630711873
    }
  ],
  "total_minutes": 0.5499873042106629
}