{
  "timestamp": "2025-12-29T03:54:58.094821",
  "config": {
    "latent_dim": 16,
    "hidden_dim": 256,
    "max_radius": 0.99,
    "curvature": 2.0,
    "use_controller": false,
    "use_dual_projection": true,
    "freeze_encoder_b": false,
    "encoder_b_lr_scale": 0.1,
    "encoder_a_lr_scale": 1.0
  },
  "results": [
    {
      "run_id": 1,
      "init_metrics": {
        "coverage": 5.080526342529086e-05,
        "hierarchy": -0.007251256095155339,
        "richness": 0.0014795074239373207,
        "r_v0": 0.5059354901313782,
        "r_v9": 0.5152986645698547
      },
      "phase1_coverage": 0.26164710664024793,
      "phase1_metrics": {
        "coverage": 0.26164710664024793,
        "hierarchy": -0.013898793414738425,
        "richness": 0.18387730419635773,
        "r_v0": 0.6689277291297913,
        "r_v9": 0.9900000691413879
      },
      "best_hierarchy": 0.0,
      "best_epoch": 0,
      "best_metrics": null,
      "final_metrics": {
        "coverage": 0.2646446171823401,
        "hierarchy": 0.008479886675190975,
        "richness": 0.00016413797857239842,
        "r_v0": 0.989689290523529,
        "r_v9": 0.9900000095367432
      },
      "elapsed": 68.29125308990479
    }
  ],
  "summary": {
    "best_hier_mean": 0.0,
    "best_hier_std": 0.0,
    "coverage_mean": 0.0,
    "total_minutes": 1.1440110603968303
  }
}