{
  "results": [
    {
      "run_id": 1,
      "init_metrics": {
        "coverage": 0.9989838947314942,
        "hierarchy": 0.5165395525933459,
        "richness": 0.0008211105014197528,
        "r_v0": 0.4219222962856293,
        "r_v9": 0.5194194316864014
      },
      "best_hierarchy": -0.7384781904361297,
      "best_epoch": 14,
      "final_metrics": {
        "coverage": 0.9989838947314942,
        "hierarchy": -0.7306727592823602,
        "richness": 0.0025344700552523136,
        "r_v0": 0.8045012354850769,
        "r_v9": 0.33506789803504944
      },
      "elapsed": 35.58610987663269
    },
    {
      "run_id": 2,
      "init_metrics": {
        "coverage": 0.9989838947314942,
        "hierarchy": 0.6558949445369605,
        "richness": 0.0009304547565989196,
        "r_v0": 0.36015787720680237,
        "r_v9": 0.5387168526649475
      },
      "best_hierarchy": -0.6916143148657063,
      "best_epoch": 11,
      "final_metrics": {
        "coverage": 0.9989838947314942,
        "hierarchy": -0.6850626426507159,
        "richness": 0.0025264688301831484,
        "r_v0": 0.7645761966705322,
        "r_v9": 0.4137325584888458
      },
      "elapsed": 27.792845249176025
    },
    {
      "run_id": 3,
      "init_metrics": {
        "coverage": 0.9989838947314942,
        "hierarchy": 0.7352918419247033,
        "richness": 0.0010428947862237692,
        "r_v0": 0.3509112596511841,
        "r_v9": 0.5783489942550659
      },
      "best_hierarchy": -0.6801355589833035,
      "best_epoch": 20,
      "final_metrics": {
        "coverage": 0.9989838947314942,
        "hierarchy": -0.6683958296004138,
        "richness": 0.002862985245883465,
        "r_v0": 0.8167273998260498,
        "r_v9": 0.27650225162506104
      },
      "elapsed": 46.22898030281067
    }
  ],
  "total_minutes": 1.8882463733355204
}